{
  "generate-icons.py": 1775987150.3669736,
  "web/vite.config.ts": 1775987150.392866,
  "web/src/App.tsx": 1775987150.378837,
  "web/src/main.tsx": 1775747894.0716875,
  "web/src/env.d.ts": 1775987150.3904846,
  "web/src/context/AppContext.tsx": 1776008786.54761,
  "web/src/utils/postmanParser.ts": 1775958304.7945158,
  "web/src/components/SettingsModal/SettingsModal.tsx": 1775987150.387076,
  "web/src/components/Sidebar/NewProjectModal.tsx": 1775827203.696692,
  "web/src/components/Sidebar/NewFolderModal.tsx": 1775827081.683984,
  "web/src/components/Sidebar/ProjectRow.tsx": 1775987150.387415,
  "web/src/components/Sidebar/RequestItem.tsx": 1775987150.3883448,
  "web/src/components/Sidebar/SidebarIcons.tsx": 1775987150.389658,
  "web/src/components/Sidebar/Sidebar.tsx": 1775987150.389278,
  "web/src/components/ExportModal/ExportModal.tsx": 1775958304.7885354,
  "web/src/components/Footer/Footer.tsx": 1775828930.627018,
  "web/src/components/EnvModal/EnvModal.tsx": 1775837398.6996129,
  "web/src/components/ResponseViewer/ResponseViewer.tsx": 1776013559.2317824,
  "web/src/components/ImportModal/ImportModal.tsx": 1775958304.7905777,
  "web/src/components/FilePickerModal/FilePickerModal.tsx": 1775958304.7896328,
  "web/src/components/MethodBadge/MethodBadge.tsx": 1775870671.6714337,
  "web/src/components/ConfirmModal/ConfirmModal.tsx": 1775837156.2877257,
  "web/src/components/ShortcutModal/ShortcutModal.tsx": 1775967004.125351,
  "web/src/components/Header/RefreshButton.tsx": 1775987150.3811016,
  "web/src/components/Header/ThemeToggle.tsx": 1775987150.3821294,
  "web/src/components/Header/Header.tsx": 1775987150.3797817,
  "web/src/components/Header/UserSection.tsx": 1775748281.8503468,
  "web/src/components/RequestBuilder/KeyValueEditor.tsx": 1775987150.3838022,
  "web/src/components/RequestBuilder/UrlBar.tsx": 1776008786.547186,
  "web/src/components/RequestBuilder/BodyEditor.tsx": 1776008786.5454113,
  "web/src/components/RequestBuilder/FileUpload.tsx": 1775987150.3829982,
  "web/src/components/RequestBuilder/RequestBuilder.tsx": 1776014593.0487385,
  "web/src/components/RequestBuilder/ScriptEditor.tsx": 1776014859.5048168,
  "web/src/components/RequestBuilder/TabPanel.tsx": 1776012202.2599845,
  "web/src/components/RequestBuilder/EnvSelector.tsx": 1775835410.9373336,
  "web/src/hooks/useShortcuts.ts": 1775967004.1281788,
  "web/src/hooks/useHttpClient.ts": 1776008786.5484931,
  "web/src/hooks/useDatabase.ts": 1776014285.963775,
  "web/src/hooks/useAuth.ts": 1775987150.3908885,
  "web/src/hooks/useTheme.ts": 1775987150.391612,
  "web/src/hooks/useScriptRunner.ts": 1776014851.2452543,
  "web/src/hooks/useSettings.ts": 1775987150.3912015,
  "web/src/lib/jwt.ts": 1775747831.487436,
  "web/src/lib/template.ts": 1775835362.2689147,
  "web/src/lib/utils.ts": 1775967004.1290107,
  "web/src/lib/types.ts": 1776012912.1405354,
  "src-tauri/build.rs": 1775752325.637597,
  "src-tauri/src/database.rs": 1776009773.0880902,
  "src-tauri/src/lib.rs": 1776008786.5440094,
  "src-tauri/src/http_client.rs": 1775987150.3774319,
  "src-tauri/src/main.rs": 1775752399.0552115,
  "README.md": 1775967004.117639,
  "CLAUDE.md": 1775752779.1649325,
  "icon-192.png": 1775871572.2686408,
  "icon-512.png": 1775987150.36755,
  "web/public/icon-192.png": 1775747908.4045517,
  "web/public/icon-512.png": 1775747908.4052575,
  "src-tauri/icons/icon.png": 1775987150.3769033,
  "src-tauri/icons/128x128.png": 1775987150.3686347,
  "src-tauri/icons/32x32.png": 1775987150.3696992,
  "src-tauri/icons/128x128@2x.png": 1775987150.369221,
  "src-tauri/icons/icon.iconset/icon_32x32@2x.png": 1775987150.3755965,
  "src-tauri/icons/icon.iconset/icon_128x128.png": 1775987150.3720746,
  "src-tauri/icons/icon.iconset/icon_256x256@2x.png": 1775987150.3746197,
  "src-tauri/icons/icon.iconset/icon_32x32.png": 1775987150.3751783,
  "src-tauri/icons/icon.iconset/icon_512x512.png": 1775987150.3762338,
  "src-tauri/icons/icon.iconset/icon_16x16.png": 1775987150.3730366,
  "src-tauri/icons/icon.iconset/icon_16x16@2x.png": 1775987150.3734596,
  "src-tauri/icons/icon.iconset/icon_128x128@2x.png": 1775987150.3726199,
  "src-tauri/icons/icon.iconset/icon_256x256.png": 1775987150.3740504
}