{
  "generate-icons.py": 1776062978.61102,
  "web/vite.config.ts": 1776096225.5118842,
  "web/src/App.tsx": 1776097992.313094,
  "web/src/main.tsx": 1775747894.0716875,
  "web/src/env.d.ts": 1776062978.6513405,
  "web/src/context/AppContext.tsx": 1776099269.8436456,
  "web/src/utils/postmanParser.ts": 1775958304.7945158,
  "web/src/utils/callstackArchive.ts": 1776081537.5594652,
  "web/src/components/SettingsModal/SettingsModal.tsx": 1776096217.5250347,
  "web/src/components/Sidebar/NewProjectModal.tsx": 1775827203.696692,
  "web/src/components/Sidebar/NewFolderModal.tsx": 1775827081.683984,
  "web/src/components/Sidebar/ProjectRow.tsx": 1776062978.649287,
  "web/src/components/Sidebar/RequestItem.tsx": 1776062978.6498313,
  "web/src/components/Sidebar/UpdateChecker.tsx": 1776099126.1848228,
  "web/src/components/Sidebar/SidebarIcons.tsx": 1776062978.6506665,
  "web/src/components/Sidebar/Sidebar.tsx": 1776097418.4736457,
  "web/src/components/ExportModal/ExportModal.tsx": 1776096537.1321,
  "web/src/components/Footer/Footer.tsx": 1775828930.627018,
  "web/src/components/EnvModal/EnvModal.tsx": 1776095785.5703115,
  "web/src/components/ResponseViewer/ResponseViewer.tsx": 1776092808.24005,
  "web/src/components/ImportModal/ImportModal.tsx": 1775958304.7905777,
  "web/src/components/FilePickerModal/FilePickerModal.tsx": 1776081537.5498588,
  "web/src/components/MethodBadge/MethodBadge.tsx": 1775870671.6714337,
  "web/src/components/ConfirmModal/ConfirmModal.tsx": 1775837156.2877257,
  "web/src/components/ShortcutModal/ShortcutModal.tsx": 1776062978.649065,
  "web/src/components/Header/RefreshButton.tsx": 1776062978.6400642,
  "web/src/components/Header/ThemeToggle.tsx": 1776062978.6419263,
  "web/src/components/Header/Header.tsx": 1776062978.6392372,
  "web/src/components/Header/UserSection.tsx": 1775748281.8503468,
  "web/src/components/RequestBuilder/KeyValueEditor.tsx": 1776062978.6436646,
  "web/src/components/RequestBuilder/UrlBar.tsx": 1776062978.6469018,
  "web/src/components/RequestBuilder/BodyEditor.tsx": 1776098186.7341762,
  "web/src/components/RequestBuilder/FileUpload.tsx": 1776062978.6431925,
  "web/src/components/RequestBuilder/ScriptExamples.tsx": 1776095535.8487382,
  "web/src/components/RequestBuilder/RequestBuilder.tsx": 1776098465.585228,
  "web/src/components/RequestBuilder/ScriptEditor.tsx": 1776095930.080341,
  "web/src/components/RequestBuilder/TabPanel.tsx": 1776095313.345481,
  "web/src/components/RequestBuilder/EnvSelector.tsx": 1775835410.9373336,
  "web/src/hooks/useShortcuts.ts": 1776062978.6529913,
  "web/src/hooks/useHttpClient.ts": 1776062978.652182,
  "web/src/hooks/useDatabase.ts": 1776081537.557282,
  "web/src/hooks/useAuth.ts": 1776062978.6515815,
  "web/src/hooks/useTheme.ts": 1776062978.6532254,
  "web/src/hooks/useScriptRunner.ts": 1776095215.5310805,
  "web/src/hooks/useSettings.ts": 1776062978.6528084,
  "web/src/lib/jwt.ts": 1775747831.487436,
  "web/src/lib/callstackSchema.ts": 1776081537.5580812,
  "web/src/lib/template.ts": 1775835362.2689147,
  "web/src/lib/utils.ts": 1776062978.6537838,
  "web/src/lib/formatBody.ts": 1776092781.3111925,
  "web/src/lib/types.ts": 1776081537.5585227,
  "src-tauri/build.rs": 1775752325.637597,
  "src-tauri/src/database.rs": 1776081537.5446048,
  "src-tauri/src/lib.rs": 1776092479.3828228,
  "src-tauri/src/http_client.rs": 1776062978.6356058,
  "src-tauri/src/main.rs": 1775752399.0552115,
  "README.md": 1776081537.5168285,
  "CLAUDE.md": 1776081537.516135,
  "graphify-out/GRAPH_REPORT.md": 1776099841.1194515,
  "icon-192.png": 1775871572.2686408,
  "icon-512.png": 1776062978.6281319,
  "web/public/icon-192.png": 1775747908.4045517,
  "web/public/icon-32.png": 1776097180.7990344,
  "web/public/icon-512.png": 1775747908.4052575,
  "src-tauri/icons/icon.png": 1776062978.634711,
  "src-tauri/icons/128x128.png": 1776062978.6297698,
  "src-tauri/icons/32x32.png": 1776062978.6304762,
  "src-tauri/icons/128x128@2x.png": 1776062978.630188,
  "src-tauri/icons/icon.iconset/icon_32x32@2x.png": 1776062978.6340916,
  "src-tauri/icons/icon.iconset/icon_128x128.png": 1776062978.6321175,
  "src-tauri/icons/icon.iconset/icon_256x256@2x.png": 1776062978.6335764,
  "src-tauri/icons/icon.iconset/icon_32x32.png": 1776062978.633811,
  "src-tauri/icons/icon.iconset/icon_512x512.png": 1776062978.6343894,
  "src-tauri/icons/icon.iconset/icon_16x16.png": 1776062978.632845,
  "src-tauri/icons/icon.iconset/icon_16x16@2x.png": 1776062978.6330397,
  "src-tauri/icons/icon.iconset/icon_128x128@2x.png": 1776062978.6325545,
  "src-tauri/icons/icon.iconset/icon_256x256.png": 1776062978.6332667
}